Name, price, rating, image 
MuscleBlaze Raw Whey Isolate 90% | Protein 27g | BCAA 5.96g | Glutamic acid 4.7g Per Serving (Unflavored| 1 kg / 2.2 lb| 33 Servings),1299,4.0 out of 5 stars,https://m.media-amazon.com/images/I/61iFG2MP6XL._AC_UY218_.jpg
AS-IT-IS Nutrition Whey Protein Isolate 90% - 1 kg | Protein 27g & BCAA 5.9g per serving,1399,3.9 out of 5 stars,https://m.media-amazon.com/images/I/71C+9kC2ryL._AC_UY218_.jpg
Bigmuscles Nutrition Crude Isolate 1kg| Whey Protein Isolate with Whey Peptides| 26g Protein| 0g Sugar| 1g Added Leucine| 5.5g BCAA| 4g Glutamine| No Preservatives| Unflavored,949,3.7 out of 5 stars,https://m.media-amazon.com/images/I/81PINCfTyAL._AC_UY218_.jpg
Optimum Nutrition (ON) Gold Standard 100% Whey Protein Powder - 2 lbs| 907 g (Double Rich Chocolate)| Primary Source Isolate,2699,4.0 out of 5 stars,https://m.media-amazon.com/images/I/716uIeq4rfL._AC_UY218_.jpg
Bigmuscles Nutrition Premium Gold Whey 1Kg [Belgian Chocolate] with Free Real Crea 34 Servings |Whey Protein Isolate & Whey Protein Concentrate| 25g Protein Per Serving| 0g Sugar| 5.5g BCAA,1099,3.8 out of 5 stars,https://m.media-amazon.com/images/I/71vsy-9BT+L._AC_UY218_.jpg
Abbzorb Nutrition Whey Isolate 27.4g Protein | 7g BCAA -with Digestive Enzymes 1 kg (Chocolate Flavour),1615,4.2 out of 5 stars,https://m.media-amazon.com/images/I/81UIhYMv4WL._AC_UY218_.jpg
NAKPRO PLATINUM 100% Whey Protein Isolate 1 kg Unflavour| 30.4g Protein| 6.9 BCAA & 5.3g Glutamine| Whey Protein Isolate Supplement Powder,1229,4.0 out of 5 stars,https://m.media-amazon.com/images/I/61KKiErP+sL._AC_UY218_.jpg
Bigmuscles Nutrition Raw & Real Isolate Organic Whey Protein [907g] - Natural - 90% Protein| Additive Free| Unflavored| 27g Protein With Naturally Ocurring BCAA and Glutamine per serving,1399,3.8 out of 5 stars,https://m.media-amazon.com/images/I/71SK9IE5ISL._AC_UY218_.jpg
Abbzorb Nutrition Raw+ Whey Isolate 90% 29.7g Protein | 7.4g BCAA with Digestive Enzymes 1 kg,1545,4.2 out of 5 stars,https://m.media-amazon.com/images/I/814ziz0svcL._AC_UY218_.jpg
Coreblaze Nutrition ISO CORE Best Effective Whey Protein Isolate 90%|27g Protein|5.9g BCAA|4.5g Glutamine - 1 KG/2.2 lbs Rich Milk Chocolate Flavored,1650,4.5 out of 5 stars,https://m.media-amazon.com/images/I/51nO-Lf+tUL._AC_UY218_.jpg
Nutrabay Whey Protein Isolate (Unflavoured) - 1 kg | Raw Whey from USA | 33 servings,1640,3.7 out of 5 stars,https://m.media-amazon.com/images/I/71yydfialbL._AC_UY218_.jpg
Scitron Raw ISO (100% Whey Protein ISOLATE| 27g Protein| 0g Sugar| 30 Servings| Essential & Non-Essential Amino Acids| No Flavours & Preservatives) - 2 lbs (900g),999,3.7 out of 5 stars,https://m.media-amazon.com/images/I/81pxWOTIbTL._AC_UY218_.jpg
Optimum Nutrition (ON) Gold Standard 100% Whey Protein Powder - 1 lb (Double Rich Chocolate),1599,3.9 out of 5 stars,https://m.media-amazon.com/images/I/71yBJdE87TL._AC_UY218_.jpg
Bigmuscles Nutrition Frotein 26g Refreshing Mango Orange Flavored Hydrolysed Whey Protein Isolate 6 g Glutamine 15g EAA Per Serving 0g Sugar Light and Crisp Like Juice (15 Servings| 500 gm),846,3.9 out of 5 stars,https://m.media-amazon.com/images/I/71RHxYLqUSL._AC_UY218_.jpg
MuscleBlaze Raw Whey Protein Concentrate 80% with added digestive enzymes (Unflavoured| 1 kg / 2.2 lb),1099,3.9 out of 5 stars,https://m.media-amazon.com/images/I/613bnSZnZ9L._AC_UY218_.jpg
AS-IT-IS Nutrition Whey Protein Concentrate 80% Unflavoured| tested for purity (1kg),1183,4.0 out of 5 stars,https://m.media-amazon.com/images/I/41e4HAIhy-L._AC_UY218_.jpg
